# HRP age min,HRP age max,probability
15,25,0.0395539235
25,35,0.1448770684
35,45,0.1771156294
45,55,0.1995330669
55,65,0.1633692236
65,75,0.1402092169
75,85,0.1353418712
